subject,subject_slug,school_id,unit,lesson_number,lesson_title,lesson_id,question_index,pastPaper,question_type,question_text
Music,gcse-music,a5414d1c-8841-4bc5-8573-a9756752361b,Musical Elements and Listening Skills,2,"Dynamics, Tempo and Rhythm",c25bc620-6980-4b1e-af7f-6ba6a95b2e61,5,Eduqas 2023 (Blood Brothers Q3a(i)),"1 mark — Identification (bar number, instrument, key etc.)",Give a suitable Italian term (e.g. Allegro) for the tempo of the extract.
English Language,english-language,,Paper 2: Writing,3,Speech Writing and Rhetorical Devices,856386e2-6c13-43cb-b549-2ad9e32546b0,0,AQA 2026 Sample,40 marks — Transactional Writing,"“Cars are convenient, comfortable and save time.” Write a speech to your local council arguing your point of view."
Music,gcse-music,a5414d1c-8841-4bc5-8573-a9756752361b,Musical Elements and Listening Skills,3,Texture and Structure,aa677c9a-a853-4bc0-abf6-e01deb891840,4,Eduqas Autumn 2020 Q1a,"1 mark — Identification (bar number, instrument, key etc.)",Listen to the extract. Identify the texture heard at this point in the music.
Music,gcse-music,a5414d1c-8841-4bc5-8573-a9756752361b,Musical Elements and Listening Skills,3,Texture and Structure,aa677c9a-a853-4bc0-abf6-e01deb891840,5,Eduqas Autumn 2020 Q1h,"1 mark — Identification (bar number, instrument, key etc.)",Name the structure used in this piece of music.
English Language,english-language,a5414d1c-8841-4bc5-8573-a9756752361b,Paper 1 Reading: Analysing Fiction,5,Writing a Structure Analysis Response,622d40fd-3b79-427d-a8f5-43efcec1ac37,0,AQA 2026 Sample Assessment,8 marks — Explain,"You now need to think about the structure of the source as a whole.

The text is from the middle of a novel.

How has the writer structured the text t"
English Language,english-language,a5414d1c-8841-4bc5-8573-a9756752361b,Paper 1 Reading: Analysing Fiction,6,Evaluation — The Synoptic Question,bd8ad723-b768-42a9-827e-bba7c5979379,0,AQA 2026 Sample,Evaluate (9),"For this question focus on the second part of the source, from line 20 to the end.

In this part of the source, the hyena could be seen as funny or th"
English Language,english-language,a5414d1c-8841-4bc5-8573-a9756752361b,Paper 1 Reading: Analysing Fiction,6,Evaluation — The Synoptic Question,bd8ad723-b768-42a9-827e-bba7c5979379,2,AQA 2026 Sample,Define (1 mark),"Read again the first part of the source, from lines 1 to 9.

Answer all parts of this question.

Tick one box for each question.

a) What worries Pi a"
English Language,english-language,a5414d1c-8841-4bc5-8573-a9756752361b,Paper 1 Reading: Analysing Fiction,6,Evaluation — The Synoptic Question,bd8ad723-b768-42a9-827e-bba7c5979379,3,AQA 2026 Sample,Describe (2),"Look in detail at this extract, from lines 10 to 19 of the source.

How does the writer use language here to describe the hyena's appearance?

You cou"
English Language,english-language,a5414d1c-8841-4bc5-8573-a9756752361b,Paper 1 Reading: Analysing Fiction,6,Evaluation — The Synoptic Question,bd8ad723-b768-42a9-827e-bba7c5979379,5,AQA 2026 Sample,Explain (6),"You now need to think about the structure of the source as a whole.

The text is from the middle of a novel.

How has the writer structured the text t"
English Language,english-language,a5414d1c-8841-4bc5-8573-a9756752361b,Paper 1 Writing: Creative Writing,2,Setting the Tone Through Vocabulary,a214ef10-bd1c-4f36-92db-8f457bad8b1b,0,AQA 8700/1 Sample 2026,4 marks — Multiple Choice,"Read again the first part of Source A from lines 1 to 9.

Answer all parts of this question.

Tick one box for each question.

(a) What worries Pi abo"
English Language,english-language,a5414d1c-8841-4bc5-8573-a9756752361b,Paper 1 Writing: Creative Writing,2,Setting the Tone Through Vocabulary,a214ef10-bd1c-4f36-92db-8f457bad8b1b,1,AQA 8700/1 Sample 2026,8 marks — Analyse Language,"Look in detail at this extract, from lines 10 to 19 of the source.

How does the writer use language here to describe the hyena's appearance?

You cou"
English Language,english-language,a5414d1c-8841-4bc5-8573-a9756752361b,Paper 2 Writing: Transactional Writing,2,Rhetorical Devices in Action,a7fecd7f-da9d-4268-994b-1cb116ad26e9,0,AQA 2026 Sample Paper,40 marks — Transactional Writing,"'Cars are convenient, comfortable and save time. However, we need to use them less by making public transport such as trains, trams and buses cheaper,"
Drama,drama,a5414d1c-8841-4bc5-8573-a9756752361b,Blood Brothers (Section A),6,Lighting & Sound Design,13bc3a9a-1602-4542-8813-bb026b81fd20,3,OCR November 2021,4 marks — Lighting/Sound Design,Explain two ways lighting could be used to develop the mood and atmosphere in one key moment in Blood Brothers.
Drama,drama,a5414d1c-8841-4bc5-8573-a9756752361b,Blood Brothers (Section A),6,Lighting & Sound Design,13bc3a9a-1602-4542-8813-bb026b81fd20,4,OCR June 2022,6 marks — Lighting/Sound Design,"Choose a dramatic moment from Blood Brothers. As a lighting designer, describe three lighting effects you could use to create mood and atmosphere. Exp"
Drama,drama,a5414d1c-8841-4bc5-8573-a9756752361b,Blood Brothers (Section A),6,Lighting & Sound Design,13bc3a9a-1602-4542-8813-bb026b81fd20,5,OCR June 2023,6 marks — Lighting/Sound Design,Identify three sound effects you could use to create drama in one key moment of Blood Brothers. Describe what each sound effect communicates to the au
History,history,a5414d1c-8841-4bc5-8573-a9756752361b,"America, 1920–1973",4,A Divided Society,fc570c39-edff-4725-80e0-eb574bfce74f,0,AQA November 2020,4 marks — Describe two,Describe two problems faced by immigrants to America in the 1920s.
History,history,a5414d1c-8841-4bc5-8573-a9756752361b,"America, 1920–1973",4,A Divided Society,fc570c39-edff-4725-80e0-eb574bfce74f,4,AQA June 2022,12 marks — Which had more impact,"Which of the following had more impact on American society in the 1920s:

• prohibition
• immigration?

Explain your answer with reference to both bul"
Spanish,spanish,a5414d1c-8841-4bc5-8573-a9756752361b,People and Lifestyle,4,Healthy Living and Lifestyle,319e2145-5154-4211-9486-ded5e256922a,3,AQA Practice Material,5 marks — Grammar,"Complete the sentences with the correct form of 'deber' or 'tener que':
1. (Yo) _____ comer bien si quiero mantenerme en forma. (deber)
2. (Tú) _____ "
Spanish,spanish,a5414d1c-8841-4bc5-8573-a9756752361b,People and Lifestyle,4,Healthy Living and Lifestyle,319e2145-5154-4211-9486-ded5e256922a,4,AQA Practice Material,4 marks — Reading Comprehension,"Read the text and answer the questions in English.
'Para mantenerse en forma, hay que seguir una dieta equilibrada. Tengo suerte porque no soy tiquism"
Spanish,spanish,a5414d1c-8841-4bc5-8573-a9756752361b,People and Lifestyle,4,Healthy Living and Lifestyle,319e2145-5154-4211-9486-ded5e256922a,5,AQA Practice Material,3 marks — Listening Comprehension,"A Spanish health magazine gives advice. Choose the correct heading for each piece of advice:
Headings: A comida  B dormitorio  C ejercicio  D rutina  "
English Language,english-language,a5414d1c-8841-4bc5-8573-a9756752361b,Paper 2 Reading: Non-Fiction Analysis,2,Inference and Summary Skills,12a26de3-583b-43da-96dc-d387c4950582,0,AQA 2026 Sample,8 marks — Inference and Summary,"You need to refer to Source A and Source B for this question.

The writers in Source A and Source B are travelling on different types of trains.

What"
English Language,english-language,a5414d1c-8841-4bc5-8573-a9756752361b,Paper 2 Reading: Non-Fiction Analysis,2,Inference and Summary Skills,12a26de3-583b-43da-96dc-d387c4950582,5,AQA 2026 Sample,4 marks — True Statements,"Read again lines 1 to 7 of Source A.

Choose four statements below which are true.

A: The writer is at the start of his train journey.
B: The writer "
English Language,english-language,a5414d1c-8841-4bc5-8573-a9756752361b,Paper 2 Reading: Non-Fiction Analysis,4,Language Analysis in Non-Fiction,5409d359-f570-4882-bc4b-262809510d1e,0,AQA 2026 Sample,12 marks — Explain,"You now need to refer only to Source A from lines 12 to 23.

How does the writer use language to describe the train crash?

[12 marks]"
English Language,english-language,,Paper 1: Reading,3,Language Analysis: Sentence Forms,040cec85-21cc-43fd-902d-51ec119282dd,0,AQA 2026 Sample,12 marks — Explain,"You now need to refer only to Source A from lines 12 to 23.

How does the writer use language to describe the train crash?

[12 marks]"
English Language,english-language,,Paper 1: Reading,3,Language Analysis: Sentence Forms,040cec85-21cc-43fd-902d-51ec119282dd,1,AQA 2026 Sample,8 marks — Explain,"Look in detail at this extract, from lines 10 to 19 of the source:

How does the writer use language here to describe the hyena's appearance?

You cou"
History,history,a5414d1c-8841-4bc5-8573-a9756752361b,"America, 1920–1973",14,The Feminist Movement,ec689d4c-b9dc-4de1-983c-2869b79a645c,0,AQA November 2021,4 marks — Describe two,Describe two problems tackled by feminist movements in the USA in the 1960s and early 1970s.
History,history,a5414d1c-8841-4bc5-8573-a9756752361b,"America, 1920–1973",14,The Feminist Movement,ec689d4c-b9dc-4de1-983c-2869b79a645c,2,AQA June 2022,8 marks — In what ways,In what ways were the lives of American people affected by feminist movements in the 1960s and early 1970s? Explain your answer.
Sport Science,sport-science,a5414d1c-8841-4bc5-8573-a9756752361b,R180: Reducing the Risk of Sports Injuries,6,Chronic Sports Injuries,2f8f11a0-bf1a-49f7-b731-45e5e14e4dd9,3,OCR June 2025,4 marks — Explain,Explain how overuse can lead to chronic injuries in sport. Use sporting examples.
Sport Science,sport-science,a5414d1c-8841-4bc5-8573-a9756752361b,R180: Reducing the Risk of Sports Injuries,6,Chronic Sports Injuries,2f8f11a0-bf1a-49f7-b731-45e5e14e4dd9,5,OCR January 2024,8 marks — Discuss*,Explain the difference between acute and chronic injuries. In your answer you should include examples of each type and how specific injuries might be 
English Language,english-language,a5414d1c-8841-4bc5-8573-a9756752361b,Paper 2 Reading: Non-Fiction Analysis,8,Paper 2 Reading Practice — Full Section A,9a19e0d0-b314-41ed-8787-2a2e52b791c4,0,AQA 2026 Sample Assessment,4 marks — True Statements,"Read again the first part of Source A from lines 1 to 7. Choose four statements below which are true.

A: The writer is at the start of his train jour"
English Language,english-language,a5414d1c-8841-4bc5-8573-a9756752361b,Paper 2 Reading: Non-Fiction Analysis,8,Paper 2 Reading Practice — Full Section A,9a19e0d0-b314-41ed-8787-2a2e52b791c4,1,AQA 2026 Sample Assessment,8 marks — Synthesis,You need to refer to Source A and Source B for this question. The writers in Source A and Source B are travelling on different types of trains. What c
English Language,english-language,a5414d1c-8841-4bc5-8573-a9756752361b,Paper 2 Reading: Non-Fiction Analysis,8,Paper 2 Reading Practice — Full Section A,9a19e0d0-b314-41ed-8787-2a2e52b791c4,2,AQA 2026 Sample Assessment,12 marks — Language Analysis,You now need to refer only to Source A from lines 12 to 23. How does the writer use language to describe the train crash?
English Language,english-language,a5414d1c-8841-4bc5-8573-a9756752361b,Paper 2 Reading: Non-Fiction Analysis,8,Paper 2 Reading Practice — Full Section A,9a19e0d0-b314-41ed-8787-2a2e52b791c4,3,AQA 2026 Sample Assessment,16 marks — Comparison,"For this question, you need to refer to the whole of Source A, together with the whole of Source B. Compare how the writers convey their different fee"
Creative iMedia,creative-imedia,a5414d1c-8841-4bc5-8573-a9756752361b,Distribution and Media,2,Image File Properties and Compression,875016ce-d672-4604-8899-035263431f91,3,OCR Sample,4 marks — Explain,Some images maintain exactly the same quality regardless of how much the image size is increased. What type of images are these? Explain your answer.
Spanish,spanish,a5414d1c-8841-4bc5-8573-a9756752361b,People and Lifestyle,5,"Food, Drink and Mealtimes",00a92e55-d92a-497b-8e7e-6dfa06e73bc9,1,AQA Foundation Writing,10 marks — Translation into Spanish,"Translate into Spanish:
'I do not like to listen to music. I never follow celebrities on social media. My teacher gives me a lot of homework. Yesterda"
Spanish,spanish,a5414d1c-8841-4bc5-8573-a9756752361b,People and Lifestyle,5,"Food, Drink and Mealtimes",00a92e55-d92a-497b-8e7e-6dfa06e73bc9,2,AQA Foundation Writing,10 marks — Short Writing Task,"Write approximately 50 words in Spanish about what you normally eat and drink. You must write something about each bullet point. Mention:
• what you e"
Spanish,spanish,a5414d1c-8841-4bc5-8573-a9756752361b,People and Lifestyle,5,"Food, Drink and Mealtimes",00a92e55-d92a-497b-8e7e-6dfa06e73bc9,3,AQA Practice Material,4 marks — Reading Comprehension,"Read the menu and Diana's comments. Decide what she will choose for each course.
Menu: Entradas: Gazpacho, Judías verdes con jamón, Sopa de cebolla, E"
Drama,drama,a5414d1c-8841-4bc5-8573-a9756752361b,Blood Brothers (Section A),4,"Costume, Hair & Make-up",c4f4adde-6749-4268-a896-998dd9a67003,3,OCR November 2021,6 marks — Costume Design,Select the character Mr Lyons from Blood Brothers. Describe briefly three suitable items of costume for this character. Give a reason for using each i
Drama,drama,a5414d1c-8841-4bc5-8573-a9756752361b,Blood Brothers (Section A),4,"Costume, Hair & Make-up",c4f4adde-6749-4268-a896-998dd9a67003,4,OCR June 2022,4 marks — Costume Design,"Using the character Mrs Johnstone from Blood Brothers, suggest two appropriate items of costume for this character. Explain why each item of costume i"
Drama,drama,a5414d1c-8841-4bc5-8573-a9756752361b,Blood Brothers (Section A),4,"Costume, Hair & Make-up",c4f4adde-6749-4268-a896-998dd9a67003,5,OCR June 2023,6 marks — Costume Design,You are the costume designer for Blood Brothers. Choose one character from the performance text. Identify three items of costume this character could 
English Language,english-language,a5414d1c-8841-4bc5-8573-a9756752361b,Paper 2 Writing: Transactional Writing,3,Structuring an Argument,f3ad5f03-ac52-42c2-a3cc-1df3523b44de,0,AQA 2026 Sample,40 marks — Transactional Writing,"'Cars are convenient, comfortable and save time. However, we need to use them less by making public transport such as trains, trams and buses cheaper,"
English Language,english-language,a5414d1c-8841-4bc5-8573-a9756752361b,Paper 2 Writing: Transactional Writing,4,Writing Letters and Articles,4df82069-4567-4dd6-bd78-505eb55e38ac,0,AQA 2026 Sample Paper,12 marks + 4 SPaG — Extended Writing,"'Cars are convenient, comfortable and save time. However, we need to use them less by making public transport such as trains, trams and buses cheaper,"
Business Studies,business,a5414d1c-8841-4bc5-8573-a9756752361b,Theme 1: Investigating Small Business,11,Interest and Cash Flow,eb36275d-c207-408e-9581-9f813dee4c59,2,Edexcel Sample,3 marks — Explain,"Joneffry is a new start-up business offering gardening services. Jon needs to borrow £2,400 to buy equipment. He has been offered a loan with monthly "
Drama,drama,a5414d1c-8841-4bc5-8573-a9756752361b,Blood Brothers (Section A),5,Set Design & Staging Types,07b749c0-dcb5-4a99-bf42-2de802c5133f,3,OCR November 2021,6 marks — Staging Type,Choose a staging style you could use to perform Blood Brothers. Explain three advantages and/or disadvantages of staging the performance in this way.
Drama,drama,a5414d1c-8841-4bc5-8573-a9756752361b,Blood Brothers (Section A),5,Set Design & Staging Types,07b749c0-dcb5-4a99-bf42-2de802c5133f,4,OCR June 2022,6 marks — Staging Type,You are performing Blood Brothers on a thrust stage. Explain three advantages and/or disadvantages of performing on this style of stage. Give examples
Drama,drama,a5414d1c-8841-4bc5-8573-a9756752361b,Blood Brothers (Section A),5,Set Design & Staging Types,07b749c0-dcb5-4a99-bf42-2de802c5133f,5,OCR June 2023,6 marks — Staging Type,Describe how a set design could be used to communicate a setting (place and time) for one key moment in Blood Brothers.
Geography,geography,a5414d1c-8841-4bc5-8573-a9756752361b,Paper 1: Physical Geography,5,Global Atmospheric Circulation & Tropical Storms,b4416885-b714-4f5e-82b7-7b5211de9025,3,AQA Sample Paper 1,4 marks — Describe,Describe the distribution of tropical storms around the world.
Drama,drama,a5414d1c-8841-4bc5-8573-a9756752361b,Blood Brothers (Section A),3,Themes & Context,c0ce1fd6-d6b3-4cd6-a0bc-d1be4ca1e733,3,OCR November 2021,8 marks — Extended Explanation,"Explain how a set designer could show historical and/or cultural context at one key moment in Blood Brothers. As part of your answer, roughly sketch a"
Drama,drama,a5414d1c-8841-4bc5-8573-a9756752361b,Blood Brothers (Section A),3,Themes & Context,c0ce1fd6-d6b3-4cd6-a0bc-d1be4ca1e733,4,OCR June 2025,4 marks — Sound Design,"As a sound designer, explain three sound effects you would use to show the social, historical or cultural context of Blood Brothers. Give examples fro"
Drama,drama,a5414d1c-8841-4bc5-8573-a9756752361b,Blood Brothers (Section A),3,Themes & Context,c0ce1fd6-d6b3-4cd6-a0bc-d1be4ca1e733,5,OCR June 2024,8 marks — Extended Explanation,"As a director, identify the mood you want to communicate for one key moment in Blood Brothers. You must not use the closing scene/section. Explain how"
Drama,drama,a5414d1c-8841-4bc5-8573-a9756752361b,Blood Brothers (Section A),7,Performance Skills & Semiotics,f9bd89cc-6f2a-4fd9-804d-239035e06d7b,3,OCR November 2021,4 marks — Voice Skills,Select the character Mrs Johnstone from Blood Brothers. Describe two ways an actor playing this role could use voice effectively to perform the line: 
Drama,drama,a5414d1c-8841-4bc5-8573-a9756752361b,Blood Brothers (Section A),7,Performance Skills & Semiotics,f9bd89cc-6f2a-4fd9-804d-239035e06d7b,4,OCR June 2022,4 marks — Physicality/Movement,Select the character Mrs Johnstone from Blood Brothers. Identify two physical movements the character could use when saying the line: 'Tell me it’s no
Drama,drama,a5414d1c-8841-4bc5-8573-a9756752361b,Blood Brothers (Section A),7,Performance Skills & Semiotics,f9bd89cc-6f2a-4fd9-804d-239035e06d7b,5,OCR June 2023,4 marks — Physicality/Movement,"Choose the character Mickey from Blood Brothers and the line: 'How old are y’, Eddie?' Identify one facial expression and one movement the actor would"
Drama,drama,a5414d1c-8841-4bc5-8573-a9756752361b,Blood Brothers (Section A),8,Key Scenes & Directing,86594bf9-c8d0-490a-82a7-823be3416875,3,OCR November 2021,8 marks — Extended Explanation,"Semiotics are used to provide visual clues to the audience. As a director, justify how you would use semiotics for the opening scene/section of Blood "
Drama,drama,a5414d1c-8841-4bc5-8573-a9756752361b,Blood Brothers (Section A),8,Key Scenes & Directing,86594bf9-c8d0-490a-82a7-823be3416875,4,OCR June 2022,8 marks — Extended Explanation,"Semiotics are used to provide visual clues to the audience. As a director, justify how you would use semiotics for one key moment of Blood Brothers."
Drama,drama,a5414d1c-8841-4bc5-8573-a9756752361b,Blood Brothers (Section A),8,Key Scenes & Directing,86594bf9-c8d0-490a-82a7-823be3416875,5,OCR June 2024,8 marks — Extended Explanation,"As a director, identify the mood you want to communicate for one key moment in Blood Brothers. You must not use the closing scene/section. Explain how"
Science,science,a5414d1c-8841-4bc5-8573-a9756752361b,Biology Paper 2,4,"Reproduction, Meiosis and DNA",bcc91709-ae24-4f46-b406-684f45aa11bb,2,AQA Sample Paper,2 marks — Calculate,The body cells of a kangaroo have 16 chromosomes. How many chromosomes will an egg cell of a kangaroo have?
English Language,english-language,,Paper 1: Reading,6,Evaluating Texts Critically,826f70e2-88a3-4c45-ad0b-9267920d289c,0,AQA 2026 Sample,Evaluate (9),"For this question focus on the second part of the source, from line 20 to the end.

In this part of the source, the hyena could be seen as funny or th"
English Language,english-language,,Paper 1: Reading,6,Evaluating Texts Critically,826f70e2-88a3-4c45-ad0b-9267920d289c,2,AQA 2026 Sample,Define (1 mark),"Read again the first part of the source, from lines 1 to 9.

Answer all parts of this question.

Tick one box for each question.

a) What worries Pi a"
English Language,english-language,,Paper 1: Reading,6,Evaluating Texts Critically,826f70e2-88a3-4c45-ad0b-9267920d289c,3,AQA 2026 Sample,Describe (2),"Look in detail at this extract, from lines 10 to 19 of the source.

How does the writer use language here to describe the hyena's appearance?

You cou"
English Language,english-language,,Paper 1: Reading,6,Evaluating Texts Critically,826f70e2-88a3-4c45-ad0b-9267920d289c,5,AQA 2026 Sample,Explain (6),"You now need to think about the structure of the source as a whole.

The text is from the middle of a novel.

How has the writer structured the text t"
Business Studies,business,a5414d1c-8841-4bc5-8573-a9756752361b,Theme 2: Building a Business,7,Promotion,258ee2c9-f12a-4440-87cd-e5986f6d5ed4,1,Edexcel Sample,2 marks — Outline,Outline one benefit to KFC of using viral advertising.
Business Studies,business,a5414d1c-8841-4bc5-8573-a9756752361b,Theme 2: Building a Business,7,Promotion,258ee2c9-f12a-4440-87cd-e5986f6d5ed4,2,Edexcel Sample,3 marks — Explain,Explain one benefit to a business of promoting its product using social media.
Business Studies,business,a5414d1c-8841-4bc5-8573-a9756752361b,Theme 2: Building a Business,7,Promotion,258ee2c9-f12a-4440-87cd-e5986f6d5ed4,4,Edexcel Sample,6 marks — Discuss,Analyse the impact on KFC of using special offers to attract customers.
Science,science,a5414d1c-8841-4bc5-8573-a9756752361b,Physics Paper 1,7,"Internal Energy, Specific Heat Capacity and Latent Heat",dfc0189c-c02a-486b-a1a4-4136dd2d14e5,5,AQA Required Practical,6 marks — Extended Response,A student uses an electrical heater to determine the specific heat capacity of water. The heater has a power of 50 W and is switched on for 300 second
Geography,geography,a5414d1c-8841-4bc5-8573-a9756752361b,Paper 1: Physical Geography,8,"Climate Change: Causes, Effects & Responses",4bfec694-0c42-4304-90f3-be5e3769040f,3,AQA June 2019,4 marks — Describe,Describe two ways that humans contribute to climate change.
Business Studies,business,a5414d1c-8841-4bc5-8573-a9756752361b,Theme 2: Building a Business,9,Using the Marketing Mix,27dbbceb-12af-4693-a986-033bd6036835,4,Edexcel Sample,6 marks — Discuss,Discuss the benefit to a business of having an integrated marketing mix.
Geography,geography,a5414d1c-8841-4bc5-8573-a9756752361b,Paper 1: Physical Geography,2,Plate Boundaries & Living Near Hazards,ee3d152d-8532-4c84-82d3-8c4f70b70822,3,AQA Sample Paper 1,4 marks — Describe,Describe what happens at a conservative plate boundary. Use a named example in your answer.
Geography,geography,a5414d1c-8841-4bc5-8573-a9756752361b,Paper 1: Physical Geography,6,Typhoon Haiyan & Managing Tropical Storms,99331c2d-dadc-4698-8803-bed99b690c1c,3,AQA June 2018,4 marks — Describe,Describe the primary effects of Typhoon Haiyan on the Philippines.
Creative iMedia,creative-imedia,a5414d1c-8841-4bc5-8573-a9756752361b,Distribution and Media,1,Distribution Platforms,c5885e1c-fe3f-4b25-a346-7f69e39ae0dc,3,OCR Sample,4 marks — Explain,Explain one advantage for the audience of using an online platform rather than physical media to access a video.
English Language,english-language,,Paper 1: Reading,7,Comparing Writers' Methods,c5e00709-7339-4b3c-b02f-cab7e14a8a2c,0,AQA 8700/1 2026 SAMs,20 marks — Evaluate,"For this question focus on the second part of the source, from line 20 to the end.

In this part of the source, the hyena could be seen as funny or th"
History,history,a5414d1c-8841-4bc5-8573-a9756752361b,Conflict & Tension,8,The Manchurian Crisis,33690931-ab5e-4e9d-b758-9f5a8cd87d23,0,AQA Sample Set 1,8 marks — Write an account,Write an account of how events in Manchuria became an international crisis in the years 1931 to 1933.
History,history,a5414d1c-8841-4bc5-8573-a9756752361b,Conflict & Tension,9,The Abyssinian Crisis,63b8c245-0f07-43e8-9739-c2ba1351b9f4,0,AQA November 2020,8 marks — Write an account,Write an account of how events in Abyssinia in 1935–36 affected the League of Nations.
History,history,a5414d1c-8841-4bc5-8573-a9756752361b,Health & the People,3,Medieval Surgery & Hospitals,7a22d839-2af0-466b-bc03-b2e25118187b,1,AQA November 2020,8 marks — Explain two similarities,Explain two ways in which medieval hospitals and hospitals in the 18th century were similar.
History,history,a5414d1c-8841-4bc5-8573-a9756752361b,Health & the People,3,Medieval Surgery & Hospitals,7a22d839-2af0-466b-bc03-b2e25118187b,2,AQA Sample Set 2,8 marks — Explain two similarities,Explain two ways in which surgery in the Middle Ages and surgery at the time of John Hunter were similar.
History,history,a5414d1c-8841-4bc5-8573-a9756752361b,Health & the People,5,"Vesalius, Paré & Harvey",62a5162a-fff2-4e99-abb5-44eda22e222f,0,AQA June 2024,8 marks — Explain the significance,Explain the significance of the Renaissance for medicine in Britain.
History,history,a5414d1c-8841-4bc5-8573-a9756752361b,Health & the People,5,"Vesalius, Paré & Harvey",62a5162a-fff2-4e99-abb5-44eda22e222f,2,AQA June 2022,8 marks — Explain two similarities,Explain two ways in which the work of Paré and Lister was similar.
History,history,a5414d1c-8841-4bc5-8573-a9756752361b,Health & the People,7,Jenner & the Smallpox Vaccine,17f64e38-61b4-4918-b260-2e856c75d3da,0,AQA November 2021,8 marks — Explain the significance,Explain the significance of the work of Edward Jenner.
History,history,a5414d1c-8841-4bc5-8573-a9756752361b,Health & the People,7,Jenner & the Smallpox Vaccine,17f64e38-61b4-4918-b260-2e856c75d3da,1,AQA June 2023,8 marks — Explain two similarities,Explain two ways in which the work of Edward Jenner and Robert Koch was similar.
History,history,a5414d1c-8841-4bc5-8573-a9756752361b,Health & the People,6,Continuity & Change in Medicine,83907428-ad5c-4c69-a447-a1d4d307cd72,0,AQA June 2024,8 marks — Explain the significance,Explain the significance of the Renaissance for medicine in Britain.
History,history,a5414d1c-8841-4bc5-8573-a9756752361b,Health & the People,8,The Germ Theory: Pasteur and Koch,595bb7a7-4207-4ccf-adf8-887e93da0ec2,3,AQA Sample Set 2,16 marks (+4 SPaG) — Has science and technology been the main factor?,Has science and technology been the main factor in understanding the causes of disease in Britain? Explain your answer with reference to science and t
History,history,a5414d1c-8841-4bc5-8573-a9756752361b,Health & the People,10,Public Health: Industrial Britain,b4b9d673-c09e-49d9-8a33-8b797a37fd81,1,AQA November 2021,8 marks — Explain two similarities,Explain two ways in which medieval public health and 19th century public health were similar.
History,history,a5414d1c-8841-4bc5-8573-a9756752361b,Health & the People,10,Public Health: Industrial Britain,b4b9d673-c09e-49d9-8a33-8b797a37fd81,3,AQA June 2022,16 marks (+4 SPaG) — Has the role of the individual been the main factor?,Has the role of the individual been the main factor in the development of public health in Britain? Explain your answer with reference to the role of 
History,history,a5414d1c-8841-4bc5-8573-a9756752361b,Health & the People,9,Anaesthetics & Antiseptics,15009f37-fe1a-43cb-8cf5-80263160a9b3,0,AQA Sample Set 1,8 marks — Explain the significance,Explain the significance of anaesthetics in the development of medicine.
History,history,a5414d1c-8841-4bc5-8573-a9756752361b,Health & the People,9,Anaesthetics & Antiseptics,15009f37-fe1a-43cb-8cf5-80263160a9b3,1,AQA June 2022,8 marks — Explain two similarities,Explain two ways in which the work of Paré and Lister was similar.
History,history,a5414d1c-8841-4bc5-8573-a9756752361b,Health & the People,11,Magic Bullets & Penicillin,27b89bc1-ba71-4b7c-95ad-9915d53acd96,0,AQA Sample Set 2,8 marks — Explain the significance,Explain the significance of penicillin in the development of medicine.
History,history,a5414d1c-8841-4bc5-8573-a9756752361b,Health & the People,11,Magic Bullets & Penicillin,27b89bc1-ba71-4b7c-95ad-9915d53acd96,3,AQA November 2020,16 marks (+4 SPaG) — Has science and technology been the main factor?,Has science and technology been the main factor in improving the treatment of disease? Explain your answer with reference to science and technology an
History,history,a5414d1c-8841-4bc5-8573-a9756752361b,Health & the People,1,The Four Humours & Supernatural,7da991f0-2846-4130-9a85-7ab117724d6a,0,AQA June 2023,8 marks — Explain the significance,Explain the significance of the treatments used by medieval doctors.
History,history,a5414d1c-8841-4bc5-8573-a9756752361b,Health & the People,1,The Four Humours & Supernatural,7da991f0-2846-4130-9a85-7ab117724d6a,3,AQA Sample Set 1,16 marks (+4 SPaG) — Has religion been the main factor?,Has religion been the main factor in the development of medicine in Britain since Medieval times? Explain your answer with reference to religion and o
History,history,a5414d1c-8841-4bc5-8573-a9756752361b,Health & the People,2,Medieval Treatments & the Church,0dd19fb1-3387-41d0-9638-2546ae7a9698,0,AQA June 2022,8 marks — Explain the significance,Explain the significance of Christianity in the history of medicine.
History,history,a5414d1c-8841-4bc5-8573-a9756752361b,Health & the People,14,"War, Technology & Modern Surgery",a94b0953-eb9a-45c7-be94-856acdc6281e,3,AQA November 2021,16 marks (+4 SPaG) — Has war been the main factor?,Has war been the main factor in the development of surgery and anatomy? Explain your answer with reference to war and other factors. Use a range of ex
Geography,geography,a5414d1c-8841-4bc5-8573-a9756752361b,Paper 1: Physical Geography,7,UK Weather Hazards: Cumbria Floods,3969e7cb-1b08-4c1a-9759-287b8d0a6862,3,AQA Sample Paper 1,4 marks — Describe,Describe the social and economic effects of the 2009 Cockermouth flood.
Sport Science,sport-science,a5414d1c-8841-4bc5-8573-a9756752361b,R180: Reducing the Risk of Sports Injuries,3,Warm Up Routines,db5b429c-dd7c-4bdf-8dac-fd9d591b2aea,3,OCR June 2024,4 marks — Explain,Explain why a warm up can help reduce the risk of injury.
Sport Science,sport-science,a5414d1c-8841-4bc5-8573-a9756752361b,R180: Reducing the Risk of Sports Injuries,3,Warm Up Routines,db5b429c-dd7c-4bdf-8dac-fd9d591b2aea,5,OCR January 2025,8 marks — Discuss*,Discuss the importance of performing a thorough warm up before physical activity.
Sport Science,sport-science,a5414d1c-8841-4bc5-8573-a9756752361b,R180: Reducing the Risk of Sports Injuries,5,Acute Sports Injuries,cb082242-7d0b-4056-9d17-e0ed1aedb7c3,3,OCR June 2025,4 marks — Explain,Explain the difference between a strain and a sprain. Use sporting examples in your answer.
Sport Science,sport-science,a5414d1c-8841-4bc5-8573-a9756752361b,R180: Reducing the Risk of Sports Injuries,5,Acute Sports Injuries,cb082242-7d0b-4056-9d17-e0ed1aedb7c3,5,OCR January 2024,8 marks — Discuss*,"Discuss the causes, symptoms and treatments of soft tissue and hard tissue acute injuries in sport."
History,history,a5414d1c-8841-4bc5-8573-a9756752361b,Elizabethan England,7,The Puritan Challenge,6ec28a44-cbca-4f4d-b317-c6e4567385eb,0,AQA November 2020,8 marks — Explain what was important,Explain what was important about Puritanism in Elizabethan England.
History,history,a5414d1c-8841-4bc5-8573-a9756752361b,Elizabethan England,7,The Puritan Challenge,6ec28a44-cbca-4f4d-b317-c6e4567385eb,1,AQA Sample Set 2,8 marks — Write an account,Write an account of the ways in which Queen Elizabeth dealt with the challenge of Puritanism.
History,history,a5414d1c-8841-4bc5-8573-a9756752361b,Elizabethan England,12,The Rise of the Gentry & Theatre,870a49bb-87f1-40b2-866f-53d18c039b19,2,AQA June 2024,8 marks — Explain what was important,Explain what was important about the theatre in Elizabethan England.
History,history,a5414d1c-8841-4bc5-8573-a9756752361b,Elizabethan England,12,The Rise of the Gentry & Theatre,870a49bb-87f1-40b2-866f-53d18c039b19,3,AQA November 2020,8 marks — Write an account,Write an account of the ways in which the theatre developed in Elizabethan England.
Spanish,spanish,a5414d1c-8841-4bc5-8573-a9756752361b,Popular Culture,8,Social Media and Online Life,9abc04b5-79d4-45ad-aac7-4d836cae21b6,0,AQA Sample,5 marks — Translation into English,"Translate into English: 'Aunque las redes sociales son útiles para mantenerse en contacto, el ciberacoso es un problema grave que puede afectar la sal"
Spanish,spanish,a5414d1c-8841-4bc5-8573-a9756752361b,Popular Culture,8,Social Media and Online Life,9abc04b5-79d4-45ad-aac7-4d836cae21b6,1,AQA Foundation Writing,5 marks — Translation into Spanish,Translate into Spanish: 'I never follow celebrities on social media.'
History,history,a5414d1c-8841-4bc5-8573-a9756752361b,Elizabethan England,11,Elizabethan Exploration,1081bb53-cc88-494e-9e67-e69a2b3cc197,1,AQA June 2023,8 marks — Explain what was important,Explain what was important about the Elizabethan voyages of discovery.
History,history,a5414d1c-8841-4bc5-8573-a9756752361b,Elizabethan England,13,The Essex Rebellion,1e2d349b-5557-44a7-a740-c4b437461434,0,AQA Sample Set 2,8 marks — Explain what was important,Explain what was important about the rebellion of the Earl of Essex for Elizabethan England.
History,history,a5414d1c-8841-4bc5-8573-a9756752361b,Elizabethan England,15,Was It Really a ‘Golden Age’?,dcc2fd56-5b97-400a-99bb-b77a763420f7,0,AQA Sample Set 1,8 marks — Explain what was important,Explain what was important about the problem of poverty in Elizabethan England.
History,history,a5414d1c-8841-4bc5-8573-a9756752361b,Elizabethan England,15,Was It Really a ‘Golden Age’?,dcc2fd56-5b97-400a-99bb-b77a763420f7,1,AQA June 2023,8 marks — Write an account,Write an account of the ways in which the lives of poor people changed in Elizabethan England.
History,history,a5414d1c-8841-4bc5-8573-a9756752361b,Elizabethan England,15,Was It Really a ‘Golden Age’?,dcc2fd56-5b97-400a-99bb-b77a763420f7,4,AQA November 2021,8 marks — Explain what was important,Explain what was important about Elizabethan England that made it a ‘Golden Age’.
History,history,a5414d1c-8841-4bc5-8573-a9756752361b,"America, 1920–1973",2,"Society, Culture & Women in the 1920s",b163b41a-0512-4074-b405-70f658c52cd3,2,AQA June 2024,8 marks — In what ways,In what ways were the lives of Americans affected by developments in entertainment during the 1920s? Explain your answer.
History,history,a5414d1c-8841-4bc5-8573-a9756752361b,"America, 1920–1973",6,Life in the Great Depression,08b9090a-e0d1-4782-af17-51ea9e3e4ede,0,AQA June 2022,4 marks — Describe two,Describe two problems faced by people in America during the Depression.
History,history,a5414d1c-8841-4bc5-8573-a9756752361b,"America, 1920–1973",6,Life in the Great Depression,08b9090a-e0d1-4782-af17-51ea9e3e4ede,2,AQA June 2023,8 marks — In what ways,In what ways were the lives of American people affected by the Depression? Explain your answer.
History,history,a5414d1c-8841-4bc5-8573-a9756752361b,"America, 1920–1973",7,Roosevelt’s New Deal,8018e624-a24b-481a-aa98-0b222e3fb3b5,0,AQA Sample Set 2,4 marks — Describe two,Describe two problems faced by President Roosevelt from the opposition to the New Deal.
History,history,a5414d1c-8841-4bc5-8573-a9756752361b,"America, 1920–1973",7,Roosevelt’s New Deal,8018e624-a24b-481a-aa98-0b222e3fb3b5,4,AQA November 2021,12 marks — Which had more impact,"Which of the following had more impact on the effects of the Depression in America:

• the actions of President Hoover
• the actions of President Roos"
English Language,english-language,,Paper 2: Reading,8,Exam Skills: Paper 2 Reading Walkthrough,7a06c2c0-28a2-4749-8bec-3f70027f6945,0,AQA 2026 Sample,4 marks — Retrieval,Read lines 1–7 of Source A. Choose four statements below which are TRUE.
English Language,english-language,,Paper 2: Reading,8,Exam Skills: Paper 2 Reading Walkthrough,7a06c2c0-28a2-4749-8bec-3f70027f6945,1,AQA 2026 Sample,8 marks — Summary,You need to refer to Source A and Source B for this question. The writers in Source A and Source B are travelling on different types of trains. What c
English Language,english-language,,Paper 2: Reading,8,Exam Skills: Paper 2 Reading Walkthrough,7a06c2c0-28a2-4749-8bec-3f70027f6945,2,AQA 2026 Sample,8 marks — Language Analysis,You need to refer only to Source A from lines 12 to 23. How does the writer use language to describe the train crash?
English Language,english-language,,Paper 2: Reading,8,Exam Skills: Paper 2 Reading Walkthrough,7a06c2c0-28a2-4749-8bec-3f70027f6945,3,AQA 2026 Sample,16 marks — Comparison,For this question you need to refer to the whole of Source A together with the whole of Source B. Compare how the writers convey their different feeli
History,history,a5414d1c-8841-4bc5-8573-a9756752361b,"America, 1920–1973",8,The Impact of World War Two,41504e0f-e282-44a5-aa13-723c675a4929,2,AQA Sample Set 2,8 marks — In what ways,In what ways did the lives of African-Americans and women change during the Second World War? Explain your answer.
History,history,a5414d1c-8841-4bc5-8573-a9756752361b,"America, 1920–1973",8,The Impact of World War Two,41504e0f-e282-44a5-aa13-723c675a4929,4,AQA June 2024,12 marks — Which had more impact,"Which of the following had more impact on America:

• the New Deal
• the Second World War?

Explain your answer with reference to both bullet points."
French,french,a5414d1c-8841-4bc5-8573-a9756752361b,Popular Culture,8,Eating Out and Restaurant Conversations,046537e8-2aee-4bbd-acb7-9433656f95d1,1,AQA Sample,5 marks — Translation (English to French),"Translate into French: Last week, I went to Belgium with my family. On Monday, we went to the restaurant for lunch. I loved the meal but I didn’t like"
History,history,a5414d1c-8841-4bc5-8573-a9756752361b,"America, 1920–1973",11,Civil Rights: Segregation & Early Campaigns,8c6e04df-87cf-4a16-aa15-6bf4bba1052f,2,AQA November 2021,8 marks — In what ways,In what ways were the lives of Americans affected by the Civil Rights campaigns? Explain your answer.
History,history,a5414d1c-8841-4bc5-8573-a9756752361b,Health & the People,13,The Creation of the NHS,b3e11305-41af-42db-be97-16b2b6fefeba,0,AQA November 2020,8 marks — Explain the significance,Explain the significance of the creation of the National Health Service.
History,history,a5414d1c-8841-4bc5-8573-a9756752361b,"America, 1920–1973",12,"Civil Rights: King, Malcolm X & Black Power",c781bbba-9596-4f16-add7-46c3453c3548,4,AQA Sample Set 2,12 marks — Which had more impact,"Which of the following achieved more in the 1960s and early 1970s:

• campaigns to improve the rights of African-Americans
• campaigns to improve the "
History,history,a5414d1c-8841-4bc5-8573-a9756752361b,"America, 1920–1973",13,"Kennedy, Johnson & the Great Society",f6b54a69-d695-4857-b7b6-f314ec8eae15,0,AQA Sample Set 1,4 marks — Describe two,Describe two problems faced by Presidents Kennedy and Johnson in dealing with the Civil Rights protests during the 1960s.
History,history,a5414d1c-8841-4bc5-8573-a9756752361b,"America, 1920–1973",13,"Kennedy, Johnson & the Great Society",f6b54a69-d695-4857-b7b6-f314ec8eae15,4,AQA November 2020,12 marks — Which had more impact,"Which of the following brought more change to American society after 1950:

• campaigns for civil rights and equality
• the actions of Presidents Kenn"
Geography,geography,a5414d1c-8841-4bc5-8573-a9756752361b,Paper 1: Physical Geography,12,Hot Deserts: Characteristics & Adaptations,a02fd83a-d98f-4235-9b98-e1c391890ce6,4,AQA Paper 1 2019,6 marks — Explain,"Using a figure showing a cactus and your own knowledge, explain how plants have adapted to the hot desert environment."
Religious Studies,religious-education,a5414d1c-8841-4bc5-8573-a9756752361b,"Theme D: Religion, Peace & Conflict",4,Nuclear Weapons and Weapons of Mass Destruction,34dffb48-5974-48f2-b400-0bc21de2e5e9,2,AQA Specimen 2018,4 marks — Explain Similarities & Differences,Explain two different beliefs in contemporary British society about weapons of mass destruction. In your answer you should refer to the main religious
History,history,a5414d1c-8841-4bc5-8573-a9756752361b,Health & the People,15,Modern Public Health Challenges,77fd2515-34eb-4fd8-b5d4-c3f85a168cab,3,AQA June 2024,16 marks (+4 SPaG) — Has the role of the individual been the main factor?,Has the role of the individual been the main factor in understanding the causes of disease in Britain? Explain your answer with reference to the role 
History,history,a5414d1c-8841-4bc5-8573-a9756752361b,Health & the People,15,Modern Public Health Challenges,77fd2515-34eb-4fd8-b5d4-c3f85a168cab,4,AQA June 2023,16 marks (+4 SPaG) — Has chance been the main factor?,Has chance been the main factor in the development of medicine? Explain your answer with reference to chance and other factors. Use a range of example
History,history,a5414d1c-8841-4bc5-8573-a9756752361b,Elizabethan England,6,Catholic Plots Against Elizabeth,e7923120-01d2-4cc6-b5e2-62f7baa330a6,0,AQA June 2024,8 marks — Write an account,Write an account of the ways in which Catholic plots threatened Queen Elizabeth.
History,history,a5414d1c-8841-4bc5-8573-a9756752361b,Elizabethan England,9,The Spanish Armada,597b695c-a469-4528-a961-9e9c5bdb67c1,0,AQA June 2022,8 marks — Write an account,Write an account of how the Spanish Armada was defeated.
Geography,geography,a5414d1c-8841-4bc5-8573-a9756752361b,Paper 1: Physical Geography,1,"Natural Hazards, Plate Tectonics & Distribution",518c00e7-05ff-4c15-979d-40365e3db0d9,3,AQA Sample Paper 1,4 marks — Describe,Describe the distribution of earthquakes and volcanoes around the world.
Religious Studies,religious-education,a5414d1c-8841-4bc5-8573-a9756752361b,Christianity: Practices,5,"Mission, Evangelism and World Poverty",63c10787-aeda-40ef-8709-bfb569454ec9,0,AQA December 2025,1 mark — Multiple Choice,"Which one of the following describes the Christian practice of spreading Christian beliefs?
A) Evangelism
B) Persecution
C) Reconciliation
D) Sacramen"
History,history,a5414d1c-8841-4bc5-8573-a9756752361b,"America, 1920–1973",10,McCarthyism & the Red Scare,62e68a60-8abf-4e95-9435-a6f93506ba64,0,AQA June 2023,4 marks — Describe two,Describe two problems faced by Americans because of McCarthyism.
Spanish,spanish,a5414d1c-8841-4bc5-8573-a9756752361b,People and Lifestyle,10,"School Rules, Homework and Future Plans",e64132bf-afb4-4a85-9063-031f830df489,2,AQA Sample Paper,15 marks — Extended Writing Task,Write approximately 90 words in Spanish about your school. You must write something about each bullet point. Mention: what your school is like (facili
Religious Studies,religious-education,a5414d1c-8841-4bc5-8573-a9756752361b,"Theme D: Religion, Peace & Conflict",5,Peacemaking and Responses to Victims of War,8f5efb04-8735-4125-a68b-e001e154d390,1,AQA Specimen 2018,1 mark — Give/Name,Give one ways in which religious believers help victims of war.
Religious Studies,religious-education,a5414d1c-8841-4bc5-8573-a9756752361b,"Theme D: Religion, Peace & Conflict",5,Peacemaking and Responses to Victims of War,8f5efb04-8735-4125-a68b-e001e154d390,3,AQA December 2025,6 marks — Explain with Sources,"Explain two religious beliefs about the importance of peace-making in the world.
Refer to scripture or sacred writings in your answer."
Religious Studies,religious-education,a5414d1c-8841-4bc5-8573-a9756752361b,Christianity: Beliefs & Teachings,5,Sin and Salvation,973cda2e-294f-4d4d-9b7a-92a23a13435b,3,AQA Sample Paper,6 marks — Explain with Sources,"Explain two Christian teachings about salvation.
Refer to sacred writings or another source of Christian belief and teaching in your answer."
Business Studies,business,a5414d1c-8841-4bc5-8573-a9756752361b,Theme 2: Building a Business,2,Changes in Business Aims and Objectives,375c0808-6b09-44ce-bb8e-73d6c5373baa,2,Edexcel Sample,3 marks — Explain,Explain one way a growing business might change its objectives.
Business Studies,business,a5414d1c-8841-4bc5-8573-a9756752361b,Theme 2: Building a Business,3,Business and Globalisation,655753d0-f986-42e8-8725-036c161eec4a,2,Edexcel Sample,3 marks — Explain,Explain one impact of globalisation on a UK business that exports products to international markets.
Business Studies,business,a5414d1c-8841-4bc5-8573-a9756752361b,Theme 1: Investigating Small Business,5,Market Research,2709a27e-0c00-4288-bb00-c7f6b5803140,3,Edexcel Sample,3 marks — Explain,Explain one benefit to a small business of carrying out market research.
Business Studies,business,a5414d1c-8841-4bc5-8573-a9756752361b,Theme 1: Investigating Small Business,5,Market Research,2709a27e-0c00-4288-bb00-c7f6b5803140,5,Edexcel Sample,12 marks — Evaluate,Disney use kid-centric focus groups as part of their market research. Evaluate whether the use of focus groups would be an effective method of conduct
Business Studies,business,a5414d1c-8841-4bc5-8573-a9756752361b,Theme 1: Investigating Small Business,10,Break-Even Analysis,75641471-7d82-4dea-b5cf-fd0800170d47,2,Edexcel Sample,3 marks — Explain,Explain one way that a business might lower its break-even point.
Business Studies,business,a5414d1c-8841-4bc5-8573-a9756752361b,Theme 1: Investigating Small Business,6,Market Segmentation,5fef1a26-df6d-4dcd-a9b1-5efbfc4ec3ab,5,Edexcel Sample,9 marks — Justify,Sally is a fitness instructor setting up her own personal training business. She charges £25 per hour and will travel within a 10-mile radius. She hop
English Language,english-language,,Paper 2: Writing,7,Exam Skills: Paper 2 Writing Walkthrough,86a65450-9a94-45f4-91e7-28fa5d6003c2,0,AQA 2026 Sample,40 marks — Transactional Writing,"“Cars are convenient, comfortable and save time. However, we need to use them less.” Write a speech to your local council arguing your point of view o"
English Language,english-language,,Paper 2: Writing,1,Writing to Argue: Building a Case,9a78b2e8-360d-4848-acf7-6590a4139ab6,0,AQA 2026 Sample,40 marks — Transactional Writing,"“Cars are convenient, comfortable and save time. However, we need to use them less.” Write a speech to your local council arguing your point of view o"
English Language,english-language,,Paper 1: Reading,2,Language Analysis: Words and Phrases,52cbdd43-4545-4d18-baf6-3b2acfbe1c7f,0,AQA 2026 Sample Paper 1,4 marks — Multiple Choice,"Read again the first part of the source, from lines 1 to 9.

Answer all parts of this question.
Tick one box for each question.

What worries Pi about"
English Language,english-language,,Paper 1: Reading,2,Language Analysis: Words and Phrases,52cbdd43-4545-4d18-baf6-3b2acfbe1c7f,1,AQA 2026 Sample Paper 1,8 marks — Analyse Language,"Look in detail at this extract, from lines 10 to 19 of the source:

How does the writer use language here to describe the hyena's appearance?

You cou"
English Language,english-language,,Paper 1: Reading,5,Structural Analysis: Focus and Perspective Shifts,35cea1aa-210b-4985-b789-e863ec41d2d9,0,AQA 2026 Sample Assessment,8 marks — Explain,"You now need to think about the structure of the source as a whole.

The text is from the middle of a novel.

How has the writer structured the text t"
English Language,english-language,,Paper 1: Writing,2,Narrative Writing: Structure and Voice,057093e1-a9f2-4e6a-8097-9f35d9a6c526,0,AQA 8700/1 Sample 2026,4 marks — Multiple Choice,"Read again the first part of Source A from lines 1 to 9.

Answer all parts of this question.

Tick one box for each question.

(a) What worries Pi abo"
English Language,english-language,,Paper 1: Writing,2,Narrative Writing: Structure and Voice,057093e1-a9f2-4e6a-8097-9f35d9a6c526,1,AQA 8700/1 Sample 2026,8 marks — Analyse Language,"Look in detail at this extract, from lines 10 to 19 of the source.

How does the writer use language here to describe the hyena's appearance?

You cou"
English Language,english-language,,Paper 2: Reading,4,Comparing Writers’ Viewpoints,1582606d-8674-4be1-bd49-21ca54b12997,0,AQA 2026 Sample,16 marks — Comparison,Compare how the writers convey their different feelings and perspectives about their experiences of travelling on a train.
English Literature,english-literature,a5414d1c-8841-4bc5-8573-a9756752361b,Macbeth,3,Lady Macbeth & Gender,1c8bb899-9907-4ec0-a483-6e4e6384d25e,4,AQA Practice,34 marks — Essay with SPaG,"Starting with this conversation (Act 1, Scene 7), explore how far Shakespeare presents Lady Macbeth as a strong female character. Write about: how Sha"
English Literature,english-literature,a5414d1c-8841-4bc5-8573-a9756752361b,Animal Farm,2,Old Major's Speech & the Rebellion,7bc18b6f-9982-4aae-98aa-58d2aaac9735,1,AQA 2021,8 marks — Extract Analysis,"In Chapter 1, Old Major says, 'All men are enemies. All animals are comrades.' How does Orwell present Old Major's speech as important to the events o"
English Literature,english-literature,a5414d1c-8841-4bc5-8573-a9756752361b,Animal Farm,2,Old Major's Speech & the Rebellion,7bc18b6f-9982-4aae-98aa-58d2aaac9735,4,AQA 2023,34 marks — Essay with SPaG,"How does Orwell use what happens to the Seven Commandments to explore ideas about the revolution?

Write about:
• what happens to the Seven Commandmen"
English Literature,english-literature,a5414d1c-8841-4bc5-8573-a9756752361b,Animal Farm,2,Old Major's Speech & the Rebellion,7bc18b6f-9982-4aae-98aa-58d2aaac9735,5,AQA 2021,34 marks — Essay with SPaG,"How far does Orwell present Boxer as a sympathetic character in Animal Farm?

Write about:
• what Boxer says and does
• how far Orwell presents Boxer "
English Literature,english-literature,a5414d1c-8841-4bc5-8573-a9756752361b,Animal Farm,3,The Early Farm & Squealer's Propaganda,0c152c00-edc6-4682-8b89-7d86e262c367,1,AQA 2022,8 marks — Extract Analysis,"How does Orwell present the ways that the pigs' clever use of language helps them to control the other animals?

Write about:
• what the pigs say and "
English Literature,english-literature,a5414d1c-8841-4bc5-8573-a9756752361b,Animal Farm,3,The Early Farm & Squealer's Propaganda,0c152c00-edc6-4682-8b89-7d86e262c367,4,AQA 2018,34 marks — Essay with SPaG,"How does Orwell use the character of Squealer to explore ideas about truth and lies in Animal Farm?

Write about:
• what Squealer says and does
• how "
English Literature,english-literature,a5414d1c-8841-4bc5-8573-a9756752361b,Animal Farm,3,The Early Farm & Squealer's Propaganda,0c152c00-edc6-4682-8b89-7d86e262c367,5,AQA 2019,34 marks — Essay with SPaG,"How does Orwell present the failure of the rebellion in Animal Farm?

Write about:
• the ways the rebellion fails
• how Orwell presents the failure of"
English Literature,english-literature,a5414d1c-8841-4bc5-8573-a9756752361b,Animal Farm,5,Napoleon's Rise to Power,fb308d20-2ee2-4b2d-988c-80301b341473,1,AQA 2023,8 marks — Extract Analysis,"How does Orwell present the reasons for Snowball's defeat in Animal Farm?

Write about:
• what happens to Snowball
• how Orwell presents Snowball's de"
English Literature,english-literature,a5414d1c-8841-4bc5-8573-a9756752361b,Animal Farm,5,Napoleon's Rise to Power,fb308d20-2ee2-4b2d-988c-80301b341473,4,AQA 2020,34 marks — Essay with SPaG,"How far does Orwell present Napoleon as a character who is only interested in power?

Write about:
• what Napoleon says and does
• how far Orwell pres"
English Literature,english-literature,a5414d1c-8841-4bc5-8573-a9756752361b,Animal Farm,5,Napoleon's Rise to Power,fb308d20-2ee2-4b2d-988c-80301b341473,5,AQA 2014 SAMs,34 marks — Essay with SPaG,"How does Orwell use the character of Napoleon to explore ideas about power and control in Animal Farm?

Write about:
• how Orwell presents the charact"
Separate Sciences,separate-sciences,a5414d1c-8841-4bc5-8573-a9756752361b,Biology (Separate),2,Monoclonal Antibodies,836646b2-98e3-4e3b-9fc4-22d53a831c78,2,AQA Sample,2 marks — Calculate,A trial was carried out to assess the effectiveness of monoclonal antibodies to treat patients with RSV. 1500 patients took part: half received monocl
Sport Science,sport-science,a5414d1c-8841-4bc5-8573-a9756752361b,R180: Reducing the Risk of Sports Injuries,1,Extrinsic Factors,3eac6672-4245-4167-9f7d-f9406e148c32,3,OCR January 2024,4 marks — Explain,Explain how the type of activity can influence the risk and severity of injury in sport.
Sport Science,sport-science,a5414d1c-8841-4bc5-8573-a9756752361b,R180: Reducing the Risk of Sports Injuries,8,Treatment & Rehabilitation,1b4451a9-f8c5-4fc8-816e-2cfc7ca39737,3,OCR June 2024,4 marks — Explain,Explain how the SALTAPS assessment is used to assess an injury on the field of play.
Sport Science,sport-science,a5414d1c-8841-4bc5-8573-a9756752361b,R180: Reducing the Risk of Sports Injuries,8,Treatment & Rehabilitation,1b4451a9-f8c5-4fc8-816e-2cfc7ca39737,5,OCR January 2025,8 marks — Discuss*,"Discuss the different methods of assessing and treating sports injuries. In your answer refer to SALTAPS, DRABC and PRICE."
Sport Science,sport-science,a5414d1c-8841-4bc5-8573-a9756752361b,R180: Reducing the Risk of Sports Injuries,2,Intrinsic Factors,3728c682-8764-43cc-8233-fd876c49caf9,3,OCR June 2024,4 marks — Explain,Explain how psychological factors can influence the risk of injury in sport.
Sport Science,sport-science,a5414d1c-8841-4bc5-8573-a9756752361b,R180: Reducing the Risk of Sports Injuries,2,Intrinsic Factors,3728c682-8764-43cc-8233-fd876c49caf9,5,OCR January 2025,8 marks — Discuss*,Discuss how intrinsic factors can influence the risk of injury in sport.
Sport Science,sport-science,a5414d1c-8841-4bc5-8573-a9756752361b,R180: Reducing the Risk of Sports Injuries,4,Cool Down Routines,1e444a61-b2c6-4f2e-880c-2a603c744f75,3,OCR January 2024,4 marks — Explain,Explain why it is important to perform a cool down after a football match.
Sport Science,sport-science,a5414d1c-8841-4bc5-8573-a9756752361b,R180: Reducing the Risk of Sports Injuries,9,"Medical Conditions: Asthma, Diabetes & Epilepsy",953c5b46-e147-4d92-8c74-e4d6f18f9c01,1,OCR June 2024,2 marks — State,Describe the two types of diabetes.
Sport Science,sport-science,a5414d1c-8841-4bc5-8573-a9756752361b,R180: Reducing the Risk of Sports Injuries,9,"Medical Conditions: Asthma, Diabetes & Epilepsy",953c5b46-e147-4d92-8c74-e4d6f18f9c01,3,OCR January 2025,4 marks — Explain,A sports performer appears to be having an asthma attack. Explain the actions you should take to help them.
Drama,drama,a5414d1c-8841-4bc5-8573-a9756752361b,Blood Brothers (Section A),1,"Plot, Structure & Genre",c0379575-004f-47a0-9a84-3ec0593d2ef8,3,OCR June 2023,8 marks — Extended Explanation,You are an actor playing a character in the closing scene/section of Blood Brothers. Explain what skills you would use to communicate your role to the
Drama,drama,a5414d1c-8841-4bc5-8573-a9756752361b,Blood Brothers (Section A),1,"Plot, Structure & Genre",c0379575-004f-47a0-9a84-3ec0593d2ef8,4,OCR June 2025,8 marks — Extended Explanation,"As a director, explain how you would direct one key moment in Blood Brothers to create a sense of sadness for the audience."
Drama,drama,a5414d1c-8841-4bc5-8573-a9756752361b,Blood Brothers (Section A),1,"Plot, Structure & Genre",c0379575-004f-47a0-9a84-3ec0593d2ef8,5,OCR June 2025,4 marks — Physicality,"Choose a character from Blood Brothers. As an actor, describe how you would show two relevant emotions during the closing scene/section of the perform"
Sport Science,sport-science,a5414d1c-8841-4bc5-8573-a9756752361b,R180: Reducing the Risk of Sports Injuries,10,"Medical Conditions: SCA, Hypothermia, Heat Exhaustion & Dehydration",bf7999b1-224a-4689-9edc-69e6ab86c7ab,0,OCR June 2025,1 mark — Identify,What is usually the most common cause of a sudden cardiac arrest in young athletes?
Sport Science,sport-science,a5414d1c-8841-4bc5-8573-a9756752361b,R180: Reducing the Risk of Sports Injuries,10,"Medical Conditions: SCA, Hypothermia, Heat Exhaustion & Dehydration",bf7999b1-224a-4689-9edc-69e6ab86c7ab,3,OCR January 2024,4 marks — Explain,Explain the causes and symptoms of dehydration during sport.
Sport Science,sport-science,a5414d1c-8841-4bc5-8573-a9756752361b,R180: Reducing the Risk of Sports Injuries,10,"Medical Conditions: SCA, Hypothermia, Heat Exhaustion & Dehydration",bf7999b1-224a-4689-9edc-69e6ab86c7ab,5,OCR January 2025,8 marks — Discuss*,"Discuss the causes, symptoms and treatment of medical conditions that can affect sports performers in extreme weather conditions. Refer to hypothermia"
Drama,drama,a5414d1c-8841-4bc5-8573-a9756752361b,Blood Brothers (Section A),2,Characters,89aeab3c-4585-4338-a460-437936d5afca,3,OCR June 2025,8 marks — Extended Explanation,"Choose a main character whose appearance changes in Blood Brothers. Explain how you would use costume, hair, makeup or masks to show the change of app"
Drama,drama,a5414d1c-8841-4bc5-8573-a9756752361b,Blood Brothers (Section A),2,Characters,89aeab3c-4585-4338-a460-437936d5afca,4,OCR June 2024,8 marks — Extended Explanation,"Choose one character from Blood Brothers. As an actor, explain how you would prepare to perform this character for one scene/section of the performanc"
Drama,drama,a5414d1c-8841-4bc5-8573-a9756752361b,Blood Brothers (Section A),2,Characters,89aeab3c-4585-4338-a460-437936d5afca,5,OCR June 2022,8 marks — Extended Explanation,Select the character Mickey from Blood Brothers. Describe the vocal and physical skills an actor playing Mickey could use to show emotion in one key m
Religious Studies,religious-education,a5414d1c-8841-4bc5-8573-a9756752361b,Theme A: Relationships & Families,4,Families and Contemporary Family Issues,20e03b77-d479-413a-a29f-148bcad6f4ed,0,AQA Sample Questions,1 mark — Multiple Choice,"Which one of the following is the name given to the practice in some religions of having more than one wife?
A) Procreation
B) Contraception
C) Stabil"
Religious Studies,religious-education,a5414d1c-8841-4bc5-8573-a9756752361b,Theme A: Relationships & Families,4,Families and Contemporary Family Issues,20e03b77-d479-413a-a29f-148bcad6f4ed,1,AQA Sample Questions,1 mark — Give/Name,Give one religious beliefs about the purpose of families.
Religious Studies,religious-education,a5414d1c-8841-4bc5-8573-a9756752361b,Theme A: Relationships & Families,4,Families and Contemporary Family Issues,20e03b77-d479-413a-a29f-148bcad6f4ed,4,AQA Sample Questions,12 marks — Evaluate a Statement,"'Same-sex parents are just as good at bringing up children as other parents.'
Evaluate this statement.
In your answer you:
• should give reasoned argu"
English Literature,english-literature,,A Christmas Carol,7,Characters & Relationships,6747d70b-0fb7-4b51-bea7-96f6eff62cf2,2,AQA specimen,8 marks — Extract Analysis,"Read the following extract from Stave 3 about the Cratchit family Christmas:

“Bob held his withered little hand in his, as if he loved the child, and"
Religious Studies,religious-education,a5414d1c-8841-4bc5-8573-a9756752361b,"Theme E: Religion, Crime & Punishment",4,Forgiveness,d21f64a2-ca53-4235-bb64-48f179ed552c,3,AQA December 2025,6 marks — Explain with Sources,"Explain two religious views about forgiveness for people who break the law.
Refer to sacred writings or another source of religious belief and teachin"
English Language,english-language,a5414d1c-8841-4bc5-8573-a9756752361b,Paper 1 Reading: Analysing Fiction,1,Explicit and Implicit Information,b51e1320-7952-4e74-854e-14d58e95a96d,0,AQA 2026 Sample Paper 1,4 marks — Multiple Choice,"Read again the first part of the source, from lines 1 to 9.

Answer all parts of this question.

Tick one box for each question.

(a) What worries Pi "
English Language,english-language,a5414d1c-8841-4bc5-8573-a9756752361b,Paper 1 Reading: Analysing Fiction,1,Explicit and Implicit Information,b51e1320-7952-4e74-854e-14d58e95a96d,1,AQA 2026 Sample Paper 2,4 marks — Multiple Choice,"Read again the first part of Source A from lines 1 to 7.

Choose four statements below which are true.

A: The writer is at the start of his train jou"
English Language,english-language,a5414d1c-8841-4bc5-8573-a9756752361b,Paper 1 Reading: Analysing Fiction,3,Writing a Language Analysis Response,406323f8-857c-43e9-a2d4-4298d0a13279,0,AQA 2026 Sample,12 marks — Explain,"You now need to refer only to Source A from lines 12 to 23.

How does the writer use language to describe the train crash?

[12 marks]"
English Language,english-language,a5414d1c-8841-4bc5-8573-a9756752361b,Paper 1 Reading: Analysing Fiction,3,Writing a Language Analysis Response,406323f8-857c-43e9-a2d4-4298d0a13279,1,AQA 2026 Sample,8 marks — Explain,"Look in detail at this extract, from lines 10 to 19 of the source:

How does the writer use language here to describe the hyena's appearance?

You cou"
English Language,english-language,a5414d1c-8841-4bc5-8573-a9756752361b,Paper 1 Reading: Analysing Fiction,7,Writing an Evaluation Response,8e89ac3b-6b3b-41f9-bf6e-ca7786fe8fec,0,AQA 8700/1 2026 SAMs,20 marks — Evaluate,"For this question focus on the second part of the source, from line 20 to the end.

In this part of the source, the hyena could be seen as funny or th"
English Language,english-language,,Paper 1: Reading,1,Explicit and Implicit Information,83ab6156-e0e5-4011-bb79-2c7a70bbdc41,0,AQA 2026 Sample Paper 1,4 marks — Multiple Choice,"Read again the first part of the source, from lines 1 to 9.

Answer all parts of this question.

Tick one box for each question.

(a) What worries Pi "
English Language,english-language,,Paper 1: Reading,1,Explicit and Implicit Information,83ab6156-e0e5-4011-bb79-2c7a70bbdc41,1,AQA 2026 Sample Paper 2,4 marks — Multiple Choice,"Read again the first part of Source A from lines 1 to 7.

Choose four statements below which are true.

A: The writer is at the start of his train jou"
English Language,english-language,,Paper 1: Reading,4,Structural Analysis: Beginnings and Endings,ebc4af76-b93b-4eb6-9d53-cdbfb14a85fc,0,AQA 8700/1 Sample 2026,8 marks — Analyse Structure,"You now need to think about the structure of the source as a whole.

The text is from the middle of a novel.

How has the writer structured the text t"
English Language,english-language,,Paper 1: Reading,8,Exam Skills: Paper 1 Reading Walkthrough,64343335-0e27-4e56-9d83-940f8517b34a,0,AQA 2026 Sample,4 marks — Multiple Choice,"Read again the first part of the source, from lines 1 to 9.

Answer all parts of this question. Tick one box for each question.

(a) What worries Pi a"
English Language,english-language,,Paper 1: Reading,8,Exam Skills: Paper 1 Reading Walkthrough,64343335-0e27-4e56-9d83-940f8517b34a,1,AQA 2026 Sample,8 marks — Analyse Language,"Look in detail at this extract, from lines 10 to 19 of the source:

How does the writer use language here to describe the hyena's appearance?

You cou"
English Language,english-language,,Paper 1: Reading,8,Exam Skills: Paper 1 Reading Walkthrough,64343335-0e27-4e56-9d83-940f8517b34a,2,AQA 2026 Sample,8 marks — Analyse Structure,"You now need to think about the structure of the source as a whole.

The text is from the middle of a novel.

How has the writer structured the text t"
English Language,english-language,,Paper 1: Reading,8,Exam Skills: Paper 1 Reading Walkthrough,64343335-0e27-4e56-9d83-940f8517b34a,3,AQA 2026 Sample,20 marks — Evaluate,"For this question focus on the second part of the source, from line 20 to the end.

In this part of the source, the hyena could be seen as funny or th"
English Language,english-language,a5414d1c-8841-4bc5-8573-a9756752361b,Paper 2 Reading: Non-Fiction Analysis,3,Inference Writing — Extending Your Analysis,394512ef-1337-4f37-ad3d-0bf224df936a,0,AQA 2026 Sample,8 marks — Inference and Synthesis,"You need to refer to Source A and Source B for this question.

The writers in Source A and Source B are travelling on different types of trains.

What"
English Language,english-language,a5414d1c-8841-4bc5-8573-a9756752361b,Paper 2 Reading: Non-Fiction Analysis,5,Writing a Non-Fiction Language Analysis,f21bff06-fd05-4fe4-a89e-abc573e2ddd7,0,AQA 2026 Sample,12 marks — Explain,"You now need to refer only to Source A from lines 12 to 23.

How does the writer use language to describe the train crash?

[12 marks]"
English Language,english-language,a5414d1c-8841-4bc5-8573-a9756752361b,Paper 2 Reading: Non-Fiction Analysis,7,Writing a Comparison Response,f692070d-bbb9-4234-a03e-4006da1c1500,0,AQA 2026 Sample,16 marks — Compare,"For this question, you need to refer to the whole of Source A, together with the whole of Source B.

Compare how the writers convey their different fe"
English Language,english-language,a5414d1c-8841-4bc5-8573-a9756752361b,Paper 2 Writing: Transactional Writing,1,"Introduction to Rhetoric — Ethos, Logos, Pathos",9cea9234-9798-4fae-9700-4b759b353743,5,AQA 2026 Sample Paper,12+4 SPaG marks — Extended Writing,"'Cars are convenient, comfortable and save time. However, we need to use them less by making public transport such as trains, trams and buses cheaper,"
English Literature,english-literature,a5414d1c-8841-4bc5-8573-a9756752361b,Animal Farm,8,Napoleon's Cult of Personality,b8e74bc1-70e8-44fa-8774-d9ad427e05aa,2,AQA 2014 SAMS,34 marks — Essay with SPaG,How does Orwell use the character of Napoleon to explore ideas about power and control in Animal Farm? Write about: how Orwell presents the character 
Music,gcse-music,a5414d1c-8841-4bc5-8573-a9756752361b,AoS1: Musical Forms and Devices,4,Bach: Badinerie — Set Work Study,6691e179-9df3-4bed-a218-d81d4344898a,1,Eduqas Autumn 2020,4 marks — Short Feature Identification (give bar numbers or identify features),"Give a bar number where one example of each of the following musical features occurs: (i) a natural sign, (ii) a slur mark, (iii) a demisemiquaver."
Music,gcse-music,a5414d1c-8841-4bc5-8573-a9756752361b,AoS1: Musical Forms and Devices,4,Bach: Badinerie — Set Work Study,6691e179-9df3-4bed-a218-d81d4344898a,2,Eduqas Autumn 2020,4 marks — Short Feature Identification (give bar numbers or identify features),"The extract begins in F# minor. Other than B minor, name two keys to which the music modulates during Section B."
Music,gcse-music,a5414d1c-8841-4bc5-8573-a9756752361b,AoS1: Musical Forms and Devices,4,Bach: Badinerie — Set Work Study,6691e179-9df3-4bed-a218-d81d4344898a,3,Eduqas Autumn 2020,4 marks — Short Feature Identification (give bar numbers or identify features),Describe two musical features of the Badinerie which are typical of Baroque music.
Geography,geography,a5414d1c-8841-4bc5-8573-a9756752361b,Paper 1: Physical Geography,3,Earthquake Case Studies: Haiti & Christchurch,23297e8d-5eb8-426d-8cdd-c1cbb21b464e,4,AQA 2019 Paper 1,6 marks — Explain,"Using a named example you have studied, explain why the effects of an earthquake are often worse in low-income countries (LICs)."
Geography,geography,a5414d1c-8841-4bc5-8573-a9756752361b,Paper 1: Physical Geography,4,Managing Tectonic Hazards: The Three Ps,151bbb5b-d7cb-4b3d-befc-272718452448,3,AQA Sample Paper 1,4 marks — Describe,Describe how communities can plan for tectonic hazards.
Geography,geography,a5414d1c-8841-4bc5-8573-a9756752361b,Paper 1: Physical Geography,10,Tropical Rainforests: Characteristics & Adaptations,953f5dfb-7697-4ebc-a89e-9a6fcee88058,4,AQA Paper 1 2019,6 marks — Explain,Explain how plants and animals have adapted to the physical conditions in the tropical rainforest. Use examples in your answer.
Music,gcse-music,a5414d1c-8841-4bc5-8573-a9756752361b,AoS4: Popular Music,4,Fusion and Bhangra,5732c75e-31f1-4aa8-b4d8-830019bf842f,2,Eduqas 2023,4 marks — Short Feature Identification (give bar numbers or identify features),Describe three features of bhangra heard during the extract.
History,history,a5414d1c-8841-4bc5-8573-a9756752361b,Health & the People,4,Public Health & the Black Death,117b258b-45f0-46f9-8381-8373a0f759e5,1,AQA June 2024,8 marks — Explain two similarities,Explain two ways in which plague in the Middle Ages and the Cholera epidemics of the 19th century were similar.
History,history,a5414d1c-8841-4bc5-8573-a9756752361b,Health & the People,4,Public Health & the Black Death,117b258b-45f0-46f9-8381-8373a0f759e5,2,AQA Sample Set 1,8 marks — Explain two similarities,Explain two ways in which the Black Death in the Middle Ages and the Cholera epidemics in the 19th century were similar.
History,history,a5414d1c-8841-4bc5-8573-a9756752361b,Elizabethan England,1,Elizabeth’s Accession & Early Problems,7c8e7ffd-37d4-4ae8-a44f-f7ceaf3a0870,0,AQA November 2021,8 marks — Write an account,Write an account of the difficulties which faced Queen Elizabeth as a female ruler.
History,history,a5414d1c-8841-4bc5-8573-a9756752361b,"America, 1920–1973",1,The 1920s Boom,42e9f86f-2ce2-49d1-ad1c-49b134b44c5e,2,AQA November 2020,8 marks — In what ways,In what ways were the lives of Americans affected by the economic boom of the 1920s? Explain your answer.
Music,gcse-music,a5414d1c-8841-4bc5-8573-a9756752361b,Musical Elements and Listening Skills,5,Instruments and Timbre,b47be7c1-0f61-4f8f-8173-bff371dd0582,4,Eduqas Autumn 2020 Q2a,"1 mark — Identification (bar number, instrument, key etc.)",Listen to the extract. Which instrument family is playing the melody?
Music,gcse-music,a5414d1c-8841-4bc5-8573-a9756752361b,Musical Elements and Listening Skills,5,Instruments and Timbre,b47be7c1-0f61-4f8f-8173-bff371dd0582,5,Eduqas Autumn 2020 Q2b,"1 mark — Identification (bar number, instrument, key etc.)",Listen to the extract. Name the solo instrument.
Religious Studies,religious-education,a5414d1c-8841-4bc5-8573-a9756752361b,Islam: Practices,5,Festivals and Commemorations,2cb81065-b9c3-43e8-9b90-d4322738dbe3,2,AQA Specimen,4 marks — Explain Similarities & Differences,Explain two different ways in which Muslims commemorate the festival of Ashura.
Science,science,a5414d1c-8841-4bc5-8573-a9756752361b,Physics Paper 1,8,"Atomic Structure, Radioactivity and Half-Life",63ceb613-0892-4da3-ad3d-772f872987d1,5,AQA Combined Science,6 marks — Extended Response,Radium-226 was discovered by Marie Curie in 1898. Her laboratory notebooks were contaminated with radium-226 and are still hazardous today. Radium-226
English Language,english-language,a5414d1c-8841-4bc5-8573-a9756752361b,Paper 1 Reading: Analysing Fiction,2,The 'Big 5' Language Techniques,7bde7cfd-c3d0-484f-a566-b02308fff193,0,AQA 2026 Sample Paper 1,4 marks — Multiple Choice,"Read again the first part of the source, from lines 1 to 9.

Answer all parts of this question.
Tick one box for each question.

What worries Pi about"
English Language,english-language,a5414d1c-8841-4bc5-8573-a9756752361b,Paper 1 Reading: Analysing Fiction,2,The 'Big 5' Language Techniques,7bde7cfd-c3d0-484f-a566-b02308fff193,1,AQA 2026 Sample Paper 1,8 marks — Analyse Language,"Look in detail at this extract, from lines 10 to 19 of the source:

How does the writer use language here to describe the hyena's appearance?

You cou"
Sport Science,sport-science,a5414d1c-8841-4bc5-8573-a9756752361b,R180: Reducing the Risk of Sports Injuries,7,Reducing Risk & Emergency Action Plans,f8ff64d0-099a-4b97-98bc-6a0ad55a9b5b,0,OCR January 2024,1 mark — Identify,"Which one of the following is not a component of an emergency action plan?

A) Emergency Communication
B) Emergency Personnel
C) Emergency Contact
D) "
Sport Science,sport-science,a5414d1c-8841-4bc5-8573-a9756752361b,R180: Reducing the Risk of Sports Injuries,7,Reducing Risk & Emergency Action Plans,f8ff64d0-099a-4b97-98bc-6a0ad55a9b5b,2,OCR June 2024,3 marks — Describe,Explain the main purpose of a risk assessment.
Sport Science,sport-science,a5414d1c-8841-4bc5-8573-a9756752361b,R180: Reducing the Risk of Sports Injuries,7,Reducing Risk & Emergency Action Plans,f8ff64d0-099a-4b97-98bc-6a0ad55a9b5b,5,OCR January 2025,8 marks — Discuss*,Discuss the importance of risk assessments and emergency action plans in reducing the risk and severity of sports injuries.
Business Studies,business,a5414d1c-8841-4bc5-8573-a9756752361b,Theme 2: Building a Business,8,Place,6b6529ae-5d11-4a72-8593-b6821e8f27fe,1,Edexcel Sample,2 marks — Outline,Outline one disadvantage to SportShoes.com of not having physical premises.
Business Studies,business,a5414d1c-8841-4bc5-8573-a9756752361b,Theme 2: Building a Business,8,Place,6b6529ae-5d11-4a72-8593-b6821e8f27fe,3,Edexcel Sample,3 marks — Explain,Explain one drawback for a business of using retailing as its main way of selling goods and services.
Business Studies,business,a5414d1c-8841-4bc5-8573-a9756752361b,Theme 2: Building a Business,8,Place,6b6529ae-5d11-4a72-8593-b6821e8f27fe,4,Edexcel Sample,6 marks — Discuss,Discuss the benefit to a business of using e-commerce.
Music,gcse-music,a5414d1c-8841-4bc5-8573-a9756752361b,AoS1: Musical Forms and Devices,3,Musical Devices,94800fa8-acb2-4914-8301-584445201e64,4,Eduqas Autumn 2020 Q1d,12 marks — Prepared Extract with Score (multiple sub-questions),Give a bar number during the extract where one example of the following musical features occurs: an ascending sequence.
Music,gcse-music,a5414d1c-8841-4bc5-8573-a9756752361b,AoS1: Musical Forms and Devices,2,Rondo and Theme and Variations,f5d8f6f1-327c-49bf-8183-6e33581f4dc5,5,Eduqas Sample/Practice Paper,"1 mark — Identification (bar number, instrument, key etc.)","Underline the structure of the Minuet, from which this extract is taken.

Binary Ternary Rondo Theme and variations"
Music,gcse-music,a5414d1c-8841-4bc5-8573-a9756752361b,AoS2: Music for Ensemble,1,Ensemble Types and Textures,c4f80dd6-8db5-40ee-9ea8-1a4e85c76709,0,Eduqas Autumn 2020,"1 mark — Identification (bar number, instrument, key etc.)",State the name of the instrument that provides the melody during the extract.
Music,gcse-music,a5414d1c-8841-4bc5-8573-a9756752361b,AoS2: Music for Ensemble,1,Ensemble Types and Textures,c4f80dd6-8db5-40ee-9ea8-1a4e85c76709,1,Eduqas Autumn 2020,1 mark — Multiple Choice / One-word Answer,"Underline the musical texture used throughout the extract.

Monophonic    Homophonic    Polyphonic"
Music,gcse-music,a5414d1c-8841-4bc5-8573-a9756752361b,AoS2: Music for Ensemble,1,Ensemble Types and Textures,c4f80dd6-8db5-40ee-9ea8-1a4e85c76709,2,Eduqas Autumn 2020,4 marks — Short Feature Identification (give bar numbers or identify features),"Describe the melody and accompaniment in this chamber music extract. Do not repeat answers from any of the previous questions.
(a) Melody [3 marks]
(b"
History,history,a5414d1c-8841-4bc5-8573-a9756752361b,Conflict & Tension,13,The Nazi-Soviet Pact,777d740c-ee8a-4752-a7c4-e8ff98e0d726,0,AQA November 2021,8 marks — Write an account,Write an account of how the Nazi-Soviet Pact led to war.
History,history,a5414d1c-8841-4bc5-8573-a9756752361b,Conflict & Tension,13,The Nazi-Soviet Pact,777d740c-ee8a-4752-a7c4-e8ff98e0d726,3,AQA Sample Set 1,16 marks (+4 SPaG) — How far do you agree?,‘The Nazi-Soviet Pact was the main reason for the outbreak of the Second World War in 1939.’ How far do you agree?
History,history,a5414d1c-8841-4bc5-8573-a9756752361b,Conflict & Tension,1,The Peacemakers & the 14 Points,00572762-11a1-49a4-b64c-720cf4790bb5,0,AQA June 2023,8 marks — Write an account,Write an account of the problems facing the peacemakers in 1919.
History,history,a5414d1c-8841-4bc5-8573-a9756752361b,Conflict & Tension,1,The Peacemakers & the 14 Points,00572762-11a1-49a4-b64c-720cf4790bb5,3,AQA June 2024,16 marks (+4 SPaG) — How far do you agree?,‘The main reason why the Treaty of Versailles was hated by the Germans was because of what it did to their armed forces.’ How far do you agree?
History,history,a5414d1c-8841-4bc5-8573-a9756752361b,Conflict & Tension,1,The Peacemakers & the 14 Points,00572762-11a1-49a4-b64c-720cf4790bb5,4,AQA June 2022,16 marks (+4 SPaG) — How far do you agree?,‘The loss of territory was the main reason why Germans hated the Treaty of Versailles.’ How far do you agree?
History,history,a5414d1c-8841-4bc5-8573-a9756752361b,Conflict & Tension,1,The Peacemakers & the 14 Points,00572762-11a1-49a4-b64c-720cf4790bb5,5,AQA November 2020,16 marks (+4 SPaG) — How far do you agree?,‘The payment of reparations was the main reason Germany objected to the Treaty of Versailles.’ How far do you agree?
History,history,a5414d1c-8841-4bc5-8573-a9756752361b,Conflict & Tension,6,The League in the 1920s,b67b37cc-2d42-4900-8023-d969dd16caf7,0,AQA June 2022,8 marks — Write an account,Write an account of how the League of Nations contributed to international peace in the 1920s.
English Language,english-language,a5414d1c-8841-4bc5-8573-a9756752361b,Paper 1 Reading: Analysing Fiction,8,Paper 1 Reading Practice — Full Section A,24e32f06-4dae-41e5-9a00-83efe658a31a,0,AQA 2026 Sample,4 marks — Multiple Choice,"Read again the first part of the source, from lines 1 to 9.

Answer all parts of this question. Tick one box for each question.

(a) What worries Pi a"
English Language,english-language,a5414d1c-8841-4bc5-8573-a9756752361b,Paper 1 Reading: Analysing Fiction,8,Paper 1 Reading Practice — Full Section A,24e32f06-4dae-41e5-9a00-83efe658a31a,1,AQA 2026 Sample,8 marks — Analyse Language,"Look in detail at this extract, from lines 10 to 19 of the source:

How does the writer use language here to describe the hyena's appearance?

You cou"
English Language,english-language,a5414d1c-8841-4bc5-8573-a9756752361b,Paper 1 Reading: Analysing Fiction,8,Paper 1 Reading Practice — Full Section A,24e32f06-4dae-41e5-9a00-83efe658a31a,2,AQA 2026 Sample,8 marks — Analyse Structure,"You now need to think about the structure of the source as a whole.

The text is from the middle of a novel.

How has the writer structured the text t"
English Language,english-language,a5414d1c-8841-4bc5-8573-a9756752361b,Paper 1 Reading: Analysing Fiction,8,Paper 1 Reading Practice — Full Section A,24e32f06-4dae-41e5-9a00-83efe658a31a,3,AQA 2026 Sample,20 marks — Evaluate,"For this question focus on the second part of the source, from line 20 to the end.

In this part of the source, the hyena could be seen as funny or th"
English Language,english-language,a5414d1c-8841-4bc5-8573-a9756752361b,Paper 2 Writing: Transactional Writing,5,Writing Speeches and Essays,9a2a76f3-5b24-43e6-904a-fe63c7bf21a8,0,AQA 2026 Sample,40 marks — Transactional Writing,"'Cars are convenient, comfortable and save time. However, we need to use them less by making public transport such as trains, trams and buses cheaper,"
English Language,english-language,a5414d1c-8841-4bc5-8573-a9756752361b,Paper 2 Writing: Transactional Writing,7,Transactional Writing Practice — Full Response,3a490b18-e7ac-4d16-b7c9-a8052bd87692,0,AQA 2026 Sample,Extended (12+4 SPaG),"'Cars are convenient, comfortable and save time. However, we need to use them less by making public transport such as trains, trams and buses cheaper,"
English Literature,english-literature,a5414d1c-8841-4bc5-8573-a9756752361b,Animal Farm,9,The Death of Boxer & Betrayal,ca408a9a-327d-4627-9ffe-55f5b713545d,2,AQA 2021,34 marks — Essay with SPaG,"How far does Orwell present Boxer as a sympathetic character in Animal Farm? Write about: what Boxer says and does, and how far Orwell presents Boxer "
History,history,a5414d1c-8841-4bc5-8573-a9756752361b,Conflict & Tension,10,Hitler’s Aims & Rearmament,84a7310a-ebb4-4477-8a1f-7ac7bdfdd978,3,AQA June 2023,16 marks (+4 SPaG) — How far do you agree?,‘German rearmament was the main cause of increased tension in Europe before the Second World War.’ How far do you agree?
History,history,a5414d1c-8841-4bc5-8573-a9756752361b,Conflict & Tension,2,The Treaty of Versailles,58d6352e-d755-4d87-85bf-33a2ddb62492,3,AQA Sample Set 2,16 marks (+4 SPaG) — How far do you agree?,‘The main reason why Germany hated the Treaty of Versailles was because of its military terms.’ How far do you agree?
English Language,english-language,a5414d1c-8841-4bc5-8573-a9756752361b,Paper 2 Reading: Non-Fiction Analysis,6,Perspective and Comparison Skills,4d615b00-49f2-43c9-9055-83d2e1335f30,0,AQA 2026 Sample,16 marks — Compare Perspectives,"For this question, you need to refer to the whole of Source A, together with the whole of Source B.

Compare how the writers convey their different fe"
English Language,english-language,a5414d1c-8841-4bc5-8573-a9756752361b,Paper 2 Reading: Non-Fiction Analysis,6,Perspective and Comparison Skills,4d615b00-49f2-43c9-9055-83d2e1335f30,1,AQA 2026 Sample,8 marks — Synthesis and Inference,"You need to refer to Source A and Source B for this question.

The writers in Source A and Source B are travelling on different types of trains.

What"
English Literature,english-literature,a5414d1c-8841-4bc5-8573-a9756752361b,A Christmas Carol,7,Characters & Relationships,1424dfaf-3ef9-4007-834c-7c365b36ae09,2,AQA specimen,8 marks — Extract Analysis,"Read the following extract from Stave 3 about the Cratchit family Christmas:

“Bob held his withered little hand in his, as if he loved the child, and"
English Literature,english-literature,a5414d1c-8841-4bc5-8573-a9756752361b,Animal Farm,1,"Context, Allegory & Orwell's Purpose",e3bdb2b8-d651-4800-9701-29d0e4159641,4,AQA 2018,34 marks — Essay with SPaG,"How does Orwell use events in Animal Farm to explore ideas about revolution?

Write about:
• some of the events in the book
• how Orwell uses these ev"
English Literature,english-literature,a5414d1c-8841-4bc5-8573-a9756752361b,Animal Farm,1,"Context, Allegory & Orwell's Purpose",e3bdb2b8-d651-4800-9701-29d0e4159641,5,AQA 2014 SAMs,34 marks — Essay with SPaG,"'All animals are equal, but some are more equal than others.' How far is this idea important in Animal Farm?

Write about:
• what you think Orwell is "
History,history,a5414d1c-8841-4bc5-8573-a9756752361b,Conflict & Tension,5,The League of Nations,39bf0c72-be38-4f09-a709-786e19e817bf,3,AQA November 2021,16 marks (+4 SPaG) — How far do you agree?,‘The main reason why the League of Nations failed was because of how it was organised.’ How far do you agree?
English Language,english-language,a5414d1c-8841-4bc5-8573-a9756752361b,Paper 2 Reading: Non-Fiction Analysis,1,True or False — Identifying Statements,f1c7eb26-0eda-4bc9-b2e5-765d45695fd8,0,AQA 2026 Sample,1 mark — Define,"Read again the first part of Source A from lines 1 to 7.

Choose four statements below which are true.

• Shade the circles in the boxes of the ones t"
English Language,english-language,a5414d1c-8841-4bc5-8573-a9756752361b,Paper 2 Writing: Transactional Writing,6,"Technical Accuracy — Vocabulary, Sentences and Punctuation",68e41b2f-7a1c-46ea-a900-3d5e1f656816,0,AQA 2026 Sample,40 marks — Transactional Writing,"'Cars are convenient, comfortable and save time. However, we need to use them less by making public transport such as trains, trams and buses cheaper,"
English Literature,english-literature,a5414d1c-8841-4bc5-8573-a9756752361b,Animal Farm,4,The Battle of the Cowshed & Snowball's Leadership,1ccb1a24-4de7-44df-9d77-48ce1d099c4a,1,AQA 2022,8 marks — Extract Analysis,"How far does Orwell present Snowball as the hero of Animal Farm?

Write about:
• what Snowball says and does
• how far Orwell presents Snowball as the"
English Literature,english-literature,a5414d1c-8841-4bc5-8573-a9756752361b,Animal Farm,4,The Battle of the Cowshed & Snowball's Leadership,1ccb1a24-4de7-44df-9d77-48ce1d099c4a,4,AQA 2017,34 marks — Essay with SPaG,"How does Orwell use the character of Snowball to explore ideas about leadership in Animal Farm?

Write about:
• what Snowball says and does and what h"
English Literature,english-literature,a5414d1c-8841-4bc5-8573-a9756752361b,Animal Farm,4,The Battle of the Cowshed & Snowball's Leadership,1ccb1a24-4de7-44df-9d77-48ce1d099c4a,5,AQA 2020,34 marks — Essay with SPaG,"How does Orwell present relationships between the humans and the animals in Animal Farm?

Write about:
• the relationships between the humans and the "
English Literature,english-literature,a5414d1c-8841-4bc5-8573-a9756752361b,Animal Farm,6,The Windmill & Boxer's Exploitation,3a5ac98e-d0c0-48a2-b627-ac38f1560fe9,4,AQA 2021,34 marks — Essay with SPaG,"How far does Orwell present Boxer as a sympathetic character in Animal Farm? Write about: what Boxer says and does, and how far Orwell presents Boxer "
English Literature,english-literature,a5414d1c-8841-4bc5-8573-a9756752361b,Animal Farm,7,The Purges & Terror,2a817043-5794-4c6b-9574-f1775f3ad65e,2,AQA 2018,34 marks — Essay with SPaG,"How does Orwell use the character of Squealer to explore ideas about truth and lies in Animal Farm? Write about: what Squealer says and does, and how "
English Literature,english-literature,a5414d1c-8841-4bc5-8573-a9756752361b,Animal Farm,10,The Ending & the Moral,f8b7c82c-cfa0-4f3b-8a46-87a845392f30,1,AQA 2017,34 marks — Essay with SPaG,'Orwell creates a shocking and unexpected ending to Animal Farm.' How far do you agree with this statement? Write about: what happens towards the end 
English Literature,english-literature,a5414d1c-8841-4bc5-8573-a9756752361b,Animal Farm,10,The Ending & the Moral,f8b7c82c-cfa0-4f3b-8a46-87a845392f30,2,AQA 2019,8 marks — Extract Analysis,"Starting with the final chapter, explore how Orwell presents the failure of the rebellion in Animal Farm. Write about: the ways the rebellion fails, a"
English Literature,english-literature,a5414d1c-8841-4bc5-8573-a9756752361b,Animal Farm,10,The Ending & the Moral,f8b7c82c-cfa0-4f3b-8a46-87a845392f30,3,AQA 2023,34 marks — Essay with SPaG,"How does Orwell use what happens to the Seven Commandments to explore ideas about the revolution? Write about: what happens to the Seven Commandments,"
English Literature,english-literature,a5414d1c-8841-4bc5-8573-a9756752361b,Animal Farm,10,The Ending & the Moral,f8b7c82c-cfa0-4f3b-8a46-87a845392f30,5,AQA 2018,12 marks — Extended Response,"How does Orwell use events in Animal Farm to explore ideas about revolution? Write about: some of the events in the book, and how Orwell uses these ev"
History,history,a5414d1c-8841-4bc5-8573-a9756752361b,Conflict & Tension,12,Appeasement & the Sudetenland,8505f8f5-f0f3-4bba-82e2-09fb75328179,0,AQA June 2024,8 marks — Write an account,Write an account of how Anschluss between Germany and Austria affected international relations.
History,history,a5414d1c-8841-4bc5-8573-a9756752361b,Conflict & Tension,12,Appeasement & the Sudetenland,8505f8f5-f0f3-4bba-82e2-09fb75328179,1,AQA Sample Set 2,8 marks — Write an account,Write an account of how problems relating to the Sudetenland led to an international crisis in 1938.
Creative iMedia,creative-imedia,a5414d1c-8841-4bc5-8573-a9756752361b,Product Design,4,Research Methods: Primary and Secondary,bf9cd17b-e5c9-4c3d-8e14-2b4b603b0899,0,OCR Sample,1 mark — Identify,Identify one secondary research source a media producer could use.
English Language,english-language,a5414d1c-8841-4bc5-8573-a9756752361b,Paper 1 Reading: Analysing Fiction,4,Structural Features and the 'Big 5' for Structure,343a428e-c3aa-4cfa-b195-cf08bf880e9d,0,AQA 8700/1 Sample 2026,8 marks — Analyse Structure,"You now need to think about the structure of the source as a whole.

The text is from the middle of a novel.

How has the writer structured the text t"
